Workbook

Sheet Raw
A1: Customer Support Quality Analysis — Raw Tickets
A2: Source data: tickets.csv (13 rows including the supplied exact duplicate). Values are preserved unchanged.
A4: ticket_id | B4: month | C4: team_id | D4: channel | E4: resolution_hours | F4: satisfaction
A5: 1 | B5: Jan | C5: T1 | D5: Email | E5: 12 | F5: 4
A6: 2 | B6: Jan | C6: T2 | D6: Chat | E6: 28 | F6: 3
A7: 3 | B7: Jan | C7: T3 | D7: Phone | E7: 36 | F7: 2
A8: 4 | B8: Jan | C8: T4 | D8: Email | E8: 20 | F8: 4
A9: 5 | B9: Feb | C9: T1 | D9: Chat | E9: 8 | F9: 5
A10: 6 | B10: Feb | C10: T2 | D10: Phone | E10: 30 | F10: 3
A11: 7 | B11: Feb | C11: T3 | D11: Email | E11: 18 | F11: 4
A12: 8 | B12: Feb | C12: T4 | D12: Chat | E12: 40 | F12: 2
A13: 9 | B13: Mar | C13: T1 | D13: Phone | E13: 16 | F13: 4
A14: 10 | B14: Mar | C14: T2 | D14: Email | E14: 22 | F14: 4
A15: 11 | B15: Mar | C15: T3 | D15: Chat | E15: 32 | F15: 3
A16: 12 | B16: Mar | C16: T4 | D16: Phone | E16: 24 | F16: 5
A17: 12 | B17: Mar | C17: T4 | D17: Phone | E17: 24 | F17: 5

Sheet Lookup
A1: Team Lookup
A3: team_id | B3: team | C3: department
A4: T1 | B4: AccountCare | C4: Service
A5: T2 | B5: BillingHelp | C5: Service
A6: T3 | B6: AppSupport | C6: Technical
A7: T4 | B7: DeviceHelp | C7: Technical

Sheet Clean
A1: Clean Tickets
A2: Duplicate removed: ticket_id 12 appears once in the clean data. Department and breach_flag are formula-driven.
A3: Before row count | B3: 13 | D3: After row count | E3: =COUNTA(A6:A17) -> 12
A5: ticket_id | B5: month | C5: team_id | D5: channel | E5: resolution_hours | F5: satisfaction | G5: department | H5: breach_flag
A6: 1 | B6: Jan | C6: T1 | D6: Email | E6: 12 | F6: 4 | G6: =INDEX(Lookup!$C$4:$C$7,MATCH(C6,Lookup!$A$4:$A$7,0)) -> Service | H6: =IF(E6>24,1,0) -> 0
A7: 2 | B7: Jan | C7: T2 | D7: Chat | E7: 28 | F7: 3 | G7: =INDEX(Lookup!$C$4:$C$7,MATCH(C7,Lookup!$A$4:$A$7,0)) -> Service | H7: =IF(E7>24,1,0) -> 1
A8: 3 | B8: Jan | C8: T3 | D8: Phone | E8: 36 | F8: 2 | G8: =INDEX(Lookup!$C$4:$C$7,MATCH(C8,Lookup!$A$4:$A$7,0)) -> Technical | H8: =IF(E8>24,1,0) -> 1
A9: 4 | B9: Jan | C9: T4 | D9: Email | E9: 20 | F9: 4 | G9: =INDEX(Lookup!$C$4:$C$7,MATCH(C9,Lookup!$A$4:$A$7,0)) -> Technical | H9: =IF(E9>24,1,0) -> 0
A10: 5 | B10: Feb | C10: T1 | D10: Chat | E10: 8 | F10: 5 | G10: =INDEX(Lookup!$C$4:$C$7,MATCH(C10,Lookup!$A$4:$A$7,0)) -> Service | H10: =IF(E10>24,1,0) -> 0
A11: 6 | B11: Feb | C11: T2 | D11: Phone | E11: 30 | F11: 3 | G11: =INDEX(Lookup!$C$4:$C$7,MATCH(C11,Lookup!$A$4:$A$7,0)) -> Service | H11: =IF(E11>24,1,0) -> 1
A12: 7 | B12: Feb | C12: T3 | D12: Email | E12: 18 | F12: 4 | G12: =INDEX(Lookup!$C$4:$C$7,MATCH(C12,Lookup!$A$4:$A$7,0)) -> Technical | H12: =IF(E12>24,1,0) -> 0
A13: 8 | B13: Feb | C13: T4 | D13: Chat | E13: 40 | F13: 2 | G13: =INDEX(Lookup!$C$4:$C$7,MATCH(C13,Lookup!$A$4:$A$7,0)) -> Technical | H13: =IF(E13>24,1,0) -> 1
A14: 9 | B14: Mar | C14: T1 | D14: Phone | E14: 16 | F14: 4 | G14: =INDEX(Lookup!$C$4:$C$7,MATCH(C14,Lookup!$A$4:$A$7,0)) -> Service | H14: =IF(E14>24,1,0) -> 0
A15: 10 | B15: Mar | C15: T2 | D15: Email | E15: 22 | F15: 4 | G15: =INDEX(Lookup!$C$4:$C$7,MATCH(C15,Lookup!$A$4:$A$7,0)) -> Service | H15: =IF(E15>24,1,0) -> 0
A16: 11 | B16: Mar | C16: T3 | D16: Chat | E16: 32 | F16: 3 | G16: =INDEX(Lookup!$C$4:$C$7,MATCH(C16,Lookup!$A$4:$A$7,0)) -> Technical | H16: =IF(E16>24,1,0) -> 1
A17: 12 | B17: Mar | C17: T4 | D17: Phone | E17: 24 | F17: 5 | G17: =INDEX(Lookup!$C$4:$C$7,MATCH(C17,Lookup!$A$4:$A$7,0)) -> Technical | H17: =IF(E17>24,1,0) -> 0

Sheet Summary
A1: SLA Breaches by Channel | D1: Average Resolution Hours by Department and Month
A2: Channel | B2: Breached tickets | D2: Department | E2: Jan | F2: Feb | G2: Mar
A3: Email | B3: =COUNTIFS(Clean!$D$6:$D$17,A3,Clean!$H$6:$H$17,1) -> 0 | D3: Service | E3: =IFERROR(AVERAGEIFS(Clean!$E$6:$E$17,Clean!$G$6:$G$17,$D3,Clean!$B$6:$B$17,E$2),"") -> 20 | F3: =IFERROR(AVERAGEIFS(Clean!$E$6:$E$17,Clean!$G$6:$G$17,$D3,Clean!$B$6:$B$17,F$2),"") -> 19 | G3: =IFERROR(AVERAGEIFS(Clean!$E$6:$E$17,Clean!$G$6:$G$17,$D3,Clean!$B$6:$B$17,G$2),"") -> 19
A4: Chat | B4: =COUNTIFS(Clean!$D$6:$D$17,A4,Clean!$H$6:$H$17,1) -> 3 | D4: Technical | E4: =IFERROR(AVERAGEIFS(Clean!$E$6:$E$17,Clean!$G$6:$G$17,$D4,Clean!$B$6:$B$17,E$2),"") -> 28 | F4: =IFERROR(AVERAGEIFS(Clean!$E$6:$E$17,Clean!$G$6:$G$17,$D4,Clean!$B$6:$B$17,F$2),"") -> 29 | G4: =IFERROR(AVERAGEIFS(Clean!$E$6:$E$17,Clean!$G$6:$G$17,$D4,Clean!$B$6:$B$17,G$2),"") -> 28
A5: Phone | B5: =COUNTIFS(Clean!$D$6:$D$17,A5,Clean!$H$6:$H$17,1) -> 2
A7: Overall Checks
A8: Clean ticket count | B8: =COUNTA(Clean!A6:A17) -> 12
A9: Overall breach count | B9: =SUM(Clean!H6:H17) -> 5
A10: Overall SLA breach rate | B10: =B9/B8 -> 0.41666667
A11: Average resolution hours | B11: =AVERAGE(Clean!E6:E17) -> 23.833333
A12: Average satisfaction | B12: =AVERAGE(Clean!F6:F17) -> 3.5833333
